Block Number,Timestamp,Transaction Hash,Nonce,Transaction Index,Sender,Receiver,Value,Gas Limit,Gas Price
17345501,2023-05-27T04:59:35,b'\xec\t\xcb{\x8e\xb0\xe7\xf0N\x11\x81\xaf\xde\x92\xf8\x8a\x92\x13Ua\x16\x8a\xb9<\x8b\x0f\x1c\xaa\x88\x1fY\xda',297,63,0x2212F5886999Fa39acFDA1dC18ad63357E289337,0xE48C51f4C49F65751C65FD9083392f81127B916F,0,1073408,30365424514
17345501,2023-05-27T04:59:35,b'\xec\t\xcb{\x8e\xb0\xe7\xf0N\x11\x81\xaf\xde\x92\xf8\x8a\x92\x13Ua\x16\x8a\xb9<\x8b\x0f\x1c\xaa\x88\x1fY\xda',297,63,0x2212F5886999Fa39acFDA1dC18ad63357E289337,0xE48C51f4C49F65751C65FD9083392f81127B916F,0,1073408,30365424514
17345504,2023-05-27T05:00:11,b'\xe3\xa2|\xf0y\xc3\xa4w\xc2\xa7\xa5g\x1a\xb7\t\x0e\xaf\xb2{u\xf7\x1d\xc5c\x1c\x9e\xa0$\xfe^\xce\xc7',5423,92,0xcEbda550FF74F50e2B4941b2824C99AFf9Bda3A6,0xDef1C0ded9bec7F1a1670819833240f027b25EfF,0,763452,35165543687
17345504,2023-05-27T05:00:11,b'\xe3\xa2|\xf0y\xc3\xa4w\xc2\xa7\xa5g\x1a\xb7\t\x0e\xaf\xb2{u\xf7\x1d\xc5c\x1c\x9e\xa0$\xfe^\xce\xc7',5423,92,0xcEbda550FF74F50e2B4941b2824C99AFf9Bda3A6,0xDef1C0ded9bec7F1a1670819833240f027b25EfF,0,763452,35165543687
17345504,2023-05-27T05:00:11,b'GV\xb9\xc6\xf0q%=YNb\xe55\xc94</\x83:\xa9\xaf\xf7}\x97\xe6\xe0\x8e\xdb|F\xc8+',0,155,0x19469CbB66AA993bfca51db3cAeb072207cA6BA4,0x6B175474E89094C44Da98b954EedeAC495271d0F,0,41676,33912543687
17345509,2023-05-27T05:01:11,b'O\xfd_l\xe2\x95\xbb\xbaQ\xa6\xb4\xd1\xc2\xe8\xc9$0\x81C\x85\x00\x1dQ_\xcb\xa8?\x1bd\xd2\xd7\x96',348,117,0x5224652281555049a7372f07953DDB05dda9Dba8,0x8EF8Bf8cDe0246a4c3B0eFCdf97e36c6ecb39F58,0,1900000,45605554748
17345510,2023-05-27T05:01:23,"b'\xa9J\x06bJ2GI\x04\x15\xb7^#\x18<\x95\xce#\xb1,\x19\x96E\xaa\xd7]p\x86\xc6~\xd8\xd5'",3,74,0x174ec7A8EFB9219a34f561CBEa7A4096A4a003c7,0x1715a3E4A142d8b698131108995174F37aEBA10D,0,216896,47431529128
17345510,2023-05-27T05:01:23,b'\xda\xd2(V\x0f>Tn\x01\x90\x80uh\x18Ba(\x81\xb2\xad\xbe|\xf7\x7fCI;u\xae=\xf1c',90,81,0xd7067E6AcC2B703df74b7c83464c4dfB2Ee27d43,0x6B175474E89094C44Da98b954EedeAC495271d0F,0,46146,46961529128
17345512,2023-05-27T05:01:47,b'\x97\x85dg\x1b\xc4\xd7H+\x98>\x0e\xb9\xd2\xf2\xfe%\xbf#[\x97\x01\xd0\xb3\x8bq5\xffd\xb8\xef\xd0',114,76,0x3F808BE0a84E27140D89E6D37e4F1ACd270EC0CD,0xd0764FAe29E0a6a96fF685f71CfC685456D5636c,0,320621,49427697476
17345513,2023-05-27T05:01:59,b'\xeeb\xb4x\xca\xb5)\xb1\xb8\x92\xf9@\x17\x7f\xe6\xdc\x83\x10B! ^\x11f\x8d\x02\x9dP.C\xa4r',8,5,0x360fAC3C1dd1503f0D504d5E655912cf063a16B2,0x827179dD56d07A7eeA32e3873493835da2866976,0,237834,47860096273
17345514,2023-05-27T05:02:11,"b'\x87%\xdbB\xf7&[\x9f\xbf\x0b\x10\x8e\x08""-\xa2\x8e\xac\xb1<\xb8\x15t\x1f\xb2\xef\x7f\x9a}\x9c\xc6\xc2'",1829,20,0x09558BfC6cFC58138a9E2E613C510CA3Ffee5212,0x6B175474E89094C44Da98b954EedeAC495271d0F,0,50639,59848636971
17345516,2023-05-27T05:02:35,b'\x8a+\xb3\x1e\xcd\xd3\xfer\t\xed\x8e\xc0\xd2\xe7\x94b\xc5=\x1f\x07+\xf8ds\x04\x13\x16\xacPB\xe2\x02',14,51,0xa7890361De9e311C97CAd22c94586864D44BB827,0x6B175474E89094C44Da98b954EedeAC495271d0F,0,77763,46813991965
17345516,2023-05-27T05:02:35,"b""\xc7\xf3\xe3\xb9Q\x0c+\x86-\xc59|=\xd4b\xc2\x83\xc9)\xdckx\x00\xd46\xd7\xf2\xd5\x02'\xea\xe1""",1830,61,0x09558BfC6cFC58138a9E2E613C510CA3Ffee5212,0x03f34bE1BF910116595dB1b11E9d1B2cA5D59659,0,500000,46473991965
17345516,2023-05-27T05:02:35,"b""\xc7\xf3\xe3\xb9Q\x0c+\x86-\xc59|=\xd4b\xc2\x83\xc9)\xdckx\x00\xd46\xd7\xf2\xd5\x02'\xea\xe1""",1830,61,0x09558BfC6cFC58138a9E2E613C510CA3Ffee5212,0x03f34bE1BF910116595dB1b11E9d1B2cA5D59659,0,500000,46473991965
17345516,2023-05-27T05:02:35,"b""\xc7\xf3\xe3\xb9Q\x0c+\x86-\xc59|=\xd4b\xc2\x83\xc9)\xdckx\x00\xd46\xd7\xf2\xd5\x02'\xea\xe1""",1830,61,0x09558BfC6cFC58138a9E2E613C510CA3Ffee5212,0x03f34bE1BF910116595dB1b11E9d1B2cA5D59659,0,500000,46473991965
17345516,2023-05-27T05:02:35,"b""\xc7\xf3\xe3\xb9Q\x0c+\x86-\xc59|=\xd4b\xc2\x83\xc9)\xdckx\x00\xd46\xd7\xf2\xd5\x02'\xea\xe1""",1830,61,0x09558BfC6cFC58138a9E2E613C510CA3Ffee5212,0x03f34bE1BF910116595dB1b11E9d1B2cA5D59659,0,500000,46473991965
17345516,2023-05-27T05:02:35,"b'#\xa2\xd1:\x83$`\x02N4\xf5\xd5\xa0V\x86\xc8z]\xb4\x12""x\xbb\xe9gC\xd5)n\xec\xad`'",666792,74,0x48c04ed5691981C42154C6167398f95e8f38a7fF,0x6B175474E89094C44Da98b954EedeAC495271d0F,0,51842,46000000000
17345519,2023-05-27T05:03:11,b'K(^Wd\xf7\x12\x7fGh\xc9\xces\xa1\x10\x16\xf5fo\xa2\x85\xc5\xf9\xc3\xb9i\x84W\xfbI\xfb\xa8',4701055,52,0x0D0707963952f2fBA59dD06f2b425ace40b492Fe,0x6B175474E89094C44Da98b954EedeAC495271d0F,0,1000000,53942356778
17345519,2023-05-27T05:03:11,b'\x02\xc6*m\x0eb\\q\xc9U&\xa6I\xd5\xde\x96$\xcc\x86];\x89\xad\xb34\xf6\xca>\xeb\x98\xaa|',9701,95,0xACA096d2E6492D7380c5d8E70D90E13EEcC72dd4,0x6B175474E89094C44Da98b954EedeAC495271d0F,0,62196,45443356778
17345520,2023-05-27T05:03:23,b'\xc0\x81;n\x1c~l\x13\x16\xdcOw\xdc\xdbX\xb8S\xf9\xc2\x8a\xad\r=\xa9rB<\xf9e\xe9\x15A',6,76,0x81F184B107B95e96e19af74Fdc447A2A29b488d9,0x7F18AC26a255339DC05a1b1cC7de5C411D7a4DE4,0,213452,48689219070
17345523,2023-05-27T05:03:59,b'Gg.r\x95\x83Z`\xaa\xf0\xe5\x90K.%\t\x03\xafTZ\xdfvK\x90p5\x0eH\xe31D\xaa',113,70,0x6d7611c858bE84336Cd00cBde732BD9952b44A67,0x6B175474E89094C44Da98b954EedeAC495271d0F,0,46458,47718955515
17345523,2023-05-27T05:03:59,"b'A\xad\xdd.:Su\xd4\xd4\x97\xe3$\xc7,~ \x06\x02\x91\x9c\xa3\xea{\xac\xe6\xb3W*\x1a\xc20\xae'",114,72,0x6d7611c858bE84336Cd00cBde732BD9952b44A67,0x881D40237659C251811CEC9c364ef91dC08D300C,0,304334,47718955515
17345523,2023-05-27T05:03:59,"b'A\xad\xdd.:Su\xd4\xd4\x97\xe3$\xc7,~ \x06\x02\x91\x9c\xa3\xea{\xac\xe6\xb3W*\x1a\xc20\xae'",114,72,0x6d7611c858bE84336Cd00cBde732BD9952b44A67,0x881D40237659C251811CEC9c364ef91dC08D300C,0,304334,47718955515
17345524,2023-05-27T05:04:11,b'\xdfuNwK.C\xb3\x0ei\xebo\xdd\xa0\xb8\x802\x17?\xac\xe9\xeaS\x88\x10\xb5\xef\x9b\x1a:\xdf>',122,65,0x8509c5BADC6a2773a51A9658D7A4CE8B8cfb4b0A,0x881D40237659C251811CEC9c364ef91dC08D300C,2650000000000000000,230297,47345522547
17345524,2023-05-27T05:04:11,b'\xdfuNwK.C\xb3\x0ei\xebo\xdd\xa0\xb8\x802\x17?\xac\xe9\xeaS\x88\x10\xb5\xef\x9b\x1a:\xdf>',122,65,0x8509c5BADC6a2773a51A9658D7A4CE8B8cfb4b0A,0x881D40237659C251811CEC9c364ef91dC08D300C,2650000000000000000,230297,47345522547
17345524,2023-05-27T05:04:11,b'\xdfuNwK.C\xb3\x0ei\xebo\xdd\xa0\xb8\x802\x17?\xac\xe9\xeaS\x88\x10\xb5\xef\x9b\x1a:\xdf>',122,65,0x8509c5BADC6a2773a51A9658D7A4CE8B8cfb4b0A,0x881D40237659C251811CEC9c364ef91dC08D300C,2650000000000000000,230297,47345522547
17345525,2023-05-27T05:04:23,b']\xed\xae\x89\x01\xa0*W\x88\xa5tx>\xf9X\x93g\xc4\x02\xfc\xcbD\xbc\x98\xee\xe0\x96m\xc8\x04\x11-',78,117,0xA5DC3121422FB9322c47D9DeAEA97839C5b0FAC3,0x6B175474E89094C44Da98b954EedeAC495271d0F,0,46194,45815984535
17345530,2023-05-27T05:05:23,"b""\xa0\x1d\xcb\xfcb\xf0y\xd8Zo\xf4\xea=\xa5\xd0\x98Y\xbc\x15\x94\xa0'\x12\xe1K\x10o\xb0wh\x013""",79,63,0xA5DC3121422FB9322c47D9DeAEA97839C5b0FAC3,0x1715a3E4A142d8b698131108995174F37aEBA10D,0,216920,43149742010
17345531,2023-05-27T05:05:35,"b""\xa39\xbdl\x97\x1a\xff\xfa\x81\x12\x14rH^\xb4\x07'&\xf8\x03IV\x078\x92\xb7\x80\xa8n\xfaRa""",53,95,0x243b0023039A85398135139277D9eAd57d2cfDFB,0x881D40237659C251811CEC9c364ef91dC08D300C,2000000000000000000,234365,41865190659
17345531,2023-05-27T05:05:35,"b""\xa39\xbdl\x97\x1a\xff\xfa\x81\x12\x14rH^\xb4\x07'&\xf8\x03IV\x078\x92\xb7\x80\xa8n\xfaRa""",53,95,0x243b0023039A85398135139277D9eAd57d2cfDFB,0x881D40237659C251811CEC9c364ef91dC08D300C,2000000000000000000,234365,41865190659
17345531,2023-05-27T05:05:35,b'\x03\xaf\x1d\xb9h\xe4\x9a\xc7\xe2!\xaa\xe9\xfe[\x1f\x1b\xf2<\xbe\xa6u\xb0\x98\x02\x91O\x82T\xddok\xd5',115,109,0x3F808BE0a84E27140D89E6D37e4F1ACd270EC0CD,0x6B175474E89094C44Da98b954EedeAC495271d0F,0,77709,41690136460
17345532,2023-05-27T05:05:47,"b""Y\xf3\xa10\xc7*k\xc0\xa2\xb9[2m\x11Ij\x83O\xa0\x07\xae\x8a\xec\xda\x82\xb8'\xa6\xdf\xd6\x05\x14""",46,79,0x9e4b1a1eDd66Ef70AAB9Eba67aeCe544C60d339E,0x6B175474E89094C44Da98b954EedeAC495271d0F,0,46158,40726588490
17345534,2023-05-27T05:06:11,b'\xc2$\xe2\xa6\xcc\xfb\x9d\x15$\x05\x028\xd9\xd5\x11\x9bQ\xf8 Nq]\xcf\xbe`\x872\xc9\x0b\xbc\xc47',1655711,87,0xa152F8bb749c55E9943A3a0A3111D18ee2B3f94E,0x6B175474E89094C44Da98b954EedeAC495271d0F,0,100000,39801159469
17345535,2023-05-27T05:06:23,b'H\xd5\xd1\xc2\xf5a*\x01\xde\x833\x88f\xf9\x04\x93\xbc\x8d\x15Q\xb6\xc3\xbdh;s\xb1\x94\xe5\x9d4\x19',47,132,0x9e4b1a1eDd66Ef70AAB9Eba67aeCe544C60d339E,0x1715a3E4A142d8b698131108995174F37aEBA10D,0,216884,41296357336
17345535,2023-05-27T05:06:23,b'\x11\x19\x10w\xb1]\xb0\xf1\xfdY\xf9Y\xa1\xd4\xe6\xc9@\xbfu\x83\x12\xd2\xe8\xa0\xbc\xd4\x9e\xd3\xd4\x8f\xf6<',1655739,161,0xa152F8bb749c55E9943A3a0A3111D18ee2B3f94E,0x6B175474E89094C44Da98b954EedeAC495271d0F,0,100000,42175159909
17345537,2023-05-27T05:06:47,b'\x8f\x90\x03\xe3\x1a\x0c\xcd\x11\xfd\xbe.\xa5\xb8\xb9\x1ej\xe2{?\x02\x1e%T\x12\xbf\xd2(\xbcL\xaa\xb0\xda',0,62,0xc51Eed4336009BaF769e9cEb055bd921FaE0f05E,0x6B175474E89094C44Da98b954EedeAC495271d0F,0,100000,40862883327
17345537,2023-05-27T05:06:47,b'd`/Q\x1e\x81\xba\x88\xd0\xb7\\\xa2\xe5\x8e\xbe\x91\xdc\x94?\x81\x8dlA\xcf\xc2\xb8\x19\x034\x1f\x18 ',1655779,93,0xa152F8bb749c55E9943A3a0A3111D18ee2B3f94E,0x6B175474E89094C44Da98b954EedeAC495271d0F,0,100000,40427417897
17345537,2023-05-27T05:06:47,b'\x04\x89\xd8\xf8\x19&\r\xbbB\xc8zN\xe8b\r\xdd\xfc\x9fx\xa3\x91c@\xe1\xfep\xff\x11d\x8a}C',241,131,0xF50198B3Ba39F7858bB15D82F3ac39dEb2dAc4eD,0x6B175474E89094C44Da98b954EedeAC495271d0F,0,46182,39544979401
17345539,2023-05-27T05:07:11,b'\x91\x1e\x1b\x93q\x9c\xa2\xb4~J\xda\xef\xae\xb5yo\xe1_\x8a\x07\x85\xeb\xc2`<~\xb2<R#\r\xd6',41,54,0x5DEEAf3b0256AD83b7991655048E01816ce448e2,0x6B175474E89094C44Da98b954EedeAC495271d0F,0,46158,44430349460
17345539,2023-05-27T05:07:11,b'\xafp\xc98\xe4\xbc\x10\xcb\xcd\x81\xe4\x054\xba\x96\x9a\xe8|+\xbdp\x1a>#\x14\xbdT\xed\x17\x91 \xb6',1655831,106,0xa152F8bb749c55E9943A3a0A3111D18ee2B3f94E,0x6B175474E89094C44Da98b954EedeAC495271d0F,0,100000,42930349460
17345539,2023-05-27T05:07:11,b'7\x04\x16\xac\xb7\xe6\x8f!\x0f\xeb3\xc7Y\xa6\xf6\x9c\xe6\x7fu\xf67\xcc\x8f\xbc\x82\x11\t\xcc\x03\xc6c\xea',123,154,0x8509c5BADC6a2773a51A9658D7A4CE8B8cfb4b0A,0x6B175474E89094C44Da98b954EedeAC495271d0F,0,46194,42044384119
17345540,2023-05-27T05:07:23,b'\xcfn\xfa\x1e}X\xe5\x98\x804\x92\x90Z^\x9c\xff\xc0j\xaa}\xe32\xda\x06\x10\x13\xce\xa5\x9a]\x97@',124,169,0x8509c5BADC6a2773a51A9658D7A4CE8B8cfb4b0A,0x1715a3E4A142d8b698131108995174F37aEBA10D,0,216920,41634278746
17345543,2023-05-27T05:07:59,b'\xe0\xb1\x0f\x1e\xa7\xc9\xc7\xfe\xca\x93_\x8b\xca\x16I\xb4\xdf(\xe6\x93\xd3\x02c\xed\xf4@\x85\xaeD\x98\x1a\x15',73,60,0x3255bd65F6C5D1BBdb1789de15BF9933Aeb2C43F,0x6693002C49AF6d485517A443650AB76B88298fE1,0,266380,45000000000
17345543,2023-05-27T05:07:59,b'\xe0\xb1\x0f\x1e\xa7\xc9\xc7\xfe\xca\x93_\x8b\xca\x16I\xb4\xdf(\xe6\x93\xd3\x02c\xed\xf4@\x85\xaeD\x98\x1a\x15',73,60,0x3255bd65F6C5D1BBdb1789de15BF9933Aeb2C43F,0x6693002C49AF6d485517A443650AB76B88298fE1,0,266380,45000000000
17345543,2023-05-27T05:07:59,b'\xa4\xbe\xf5\x90\x15\xad\xdf\xabB\xdc\t\xd2\xf1\xd6\xe644h\xb4\xa4us\xd4\xf1J\xf8\xff{\x86\xac\x1f\xec',9,92,0x332082CF826E31D12DC677c8FdBF63a2e5F62924,0x1111111254EEB25477B68fb85Ed929f73A960582,0,306799,44363669630
17345543,2023-05-27T05:07:59,b'\xa4\xbe\xf5\x90\x15\xad\xdf\xabB\xdc\t\xd2\xf1\xd6\xe644h\xb4\xa4us\xd4\xf1J\xf8\xff{\x86\xac\x1f\xec',9,92,0x332082CF826E31D12DC677c8FdBF63a2e5F62924,0x1111111254EEB25477B68fb85Ed929f73A960582,0,306799,44363669630
17345544,2023-05-27T05:08:11,b'\xf0[wo\x18I|\xaf\xcer\xa4t\x8a$\x86{\xf1\x8e\x89\x96\\<8\x83\x96\xb9\x9f\x86\xe1\xf9HX',116,129,0x3F808BE0a84E27140D89E6D37e4F1ACd270EC0CD,0x6B175474E89094C44Da98b954EedeAC495271d0F,0,52059,43354552874
17345546,2023-05-27T05:08:35,"b""F3\x87\x10\xa8i\xbe\n\xb3\x1e9\xab\x03]v\xd5\xc9*P\x86\xaf'\xbdt\x19=C\xea\x17;w@""",103,60,0x7bCd49A7a9C804e0cDeBE9E55421e8ACe5E09809,0x03f34bE1BF910116595dB1b11E9d1B2cA5D59659,2640000000000000000,324211,43322297913
17345546,2023-05-27T05:08:35,"b""F3\x87\x10\xa8i\xbe\n\xb3\x1e9\xab\x03]v\xd5\xc9*P\x86\xaf'\xbdt\x19=C\xea\x17;w@""",103,60,0x7bCd49A7a9C804e0cDeBE9E55421e8ACe5E09809,0x03f34bE1BF910116595dB1b11E9d1B2cA5D59659,2640000000000000000,324211,43322297913
17345549,2023-05-27T05:09:11,b'\x1cO\xc9\xb8ei\xea\xd4KG\x8b ZM\x8a\xed\xfc\xe7\xa3\x99\x8d\xb0\x94\x12\xd6P\x19\xf5B\xdbWm',101622,58,0x66c57bF505A85A74609D2C83E94Aabb26d691E1F,0xa24787320ede4CC19D800bf87B41Ab9539c4dA9D,0,500000,42757967845
17345555,2023-05-27T05:10:23,"b'\xfe\xcc\xf6Ic\xa8\x83\xa7\xc2e\xe7\xf3\xb7\xd4ah\xa4V:@A\xaa\xefmQ\xafP\x87Z\x1c;""'",83,120,0x774717C1894795ecE595A6d0990A50E84388ca31,0x6B175474E89094C44Da98b954EedeAC495271d0F,0,46110,36500920443
17345558,2023-05-27T05:10:59,b'z8]\xbe)\xc8\\+\xe2\x00!m\xba(S1Rs\xd6\xc0\x81\x83\xe4\xc2\xeft\xb9\x15\x01(l\xec',84,103,0x774717C1894795ecE595A6d0990A50E84388ca31,0xEf1c6E67703c7BD7107eed8303Fbe6EC2554BF6B,0,228348,34099503815
17345558,2023-05-27T05:10:59,b'\xf3*\xe7d\xcb\xdeqo\x186nT\x82\xaair\x9d0$\x0e\x90`\x8e@\xc5\xbd3\xbe_\x7f\xc1\xb4',364560,107,0x8C8D7C46219D9205f056f28fee5950aD564d7465,0x6B175474E89094C44Da98b954EedeAC495271d0F,0,65000,34098646317
17345559,2023-05-27T05:11:11,"b'P&\x8a5\x913M\xf8\xce\x13\x8f""\x8e\x06\xa5\xd9\x8a\xf4t)\xf9\x9eg\x9f\xf8\x81\xbdu\xd7k\xa7t'",1103,130,0x8a6ab47B1B794275c9e4D931e1F096DE117D775C,0xd0764FAe29E0a6a96fF685f71CfC685456D5636c,0,320633,32790393589
17345559,2023-05-27T05:11:11,b'\x1bb7\x86Y\xb3\xb8\xb0N\x89G)]\xf8\x1a\x85\xd3\x81\xa8eaq?s\xa9\x06\x9a\xa3T\xc4-P',1609,134,0x82bb8d9FB9Ec3a7DA2Dc3A7dcC48418dAc6BbD4a,0xd0764FAe29E0a6a96fF685f71CfC685456D5636c,0,320609,32790393589
17345561,2023-05-27T05:11:35,"b""z\xed\x1fs\x9c\xd3\xd9c\xac\xc9\xa5\x07\xe0\xe05\x98\x93+'\x1a\x07<\x9e\xe2\xb0\x86\x9c\xda\xe87\xc5\x11""",21,110,0xC800316a38dEbd1a22f851B18267e46A52Fce117,0x6B175474E89094C44Da98b954EedeAC495271d0F,0,46170,32852944944
17345562,2023-05-27T05:11:47,"b'\xe5\xd9\xb0\xa0\xd8V\xc7,\xd4\xfd\xa1\x1c\x8e\xdcz\xd6""\xde\x0f\xdb6\x94\xd8\x01\xcd^\xd0\xf6]\xdck6'",1104,74,0x8a6ab47B1B794275c9e4D931e1F096DE117D775C,0x6571d6be3d8460CF5F7d6711Cd9961860029D85F,0,275230,31526658928
17345562,2023-05-27T05:11:47,"b'\xe5\xd9\xb0\xa0\xd8V\xc7,\xd4\xfd\xa1\x1c\x8e\xdcz\xd6""\xde\x0f\xdb6\x94\xd8\x01\xcd^\xd0\xf6]\xdck6'",1104,74,0x8a6ab47B1B794275c9e4D931e1F096DE117D775C,0x6571d6be3d8460CF5F7d6711Cd9961860029D85F,0,275230,31526658928
17345562,2023-05-27T05:11:47,b'}}\x16\xda\x98\x8b}74\xc36\x8e9\xce?-j\xedf\xff\x00\x99X\xef\x06\x0e\xbbx\xe7;\x02\xd4',632,83,0x7f93B033D18dcA9fD2BA4CbF2bf73A2DF840756c,0xDef1C0ded9bec7F1a1670819833240f027b25EfF,260000000000000000,263744,31526658928
17345562,2023-05-27T05:11:47,b'}}\x16\xda\x98\x8b}74\xc36\x8e9\xce?-j\xedf\xff\x00\x99X\xef\x06\x0e\xbbx\xe7;\x02\xd4',632,83,0x7f93B033D18dcA9fD2BA4CbF2bf73A2DF840756c,0xDef1C0ded9bec7F1a1670819833240f027b25EfF,260000000000000000,263744,31526658928
17345562,2023-05-27T05:11:47,b'}}\x16\xda\x98\x8b}74\xc36\x8e9\xce?-j\xedf\xff\x00\x99X\xef\x06\x0e\xbbx\xe7;\x02\xd4',632,83,0x7f93B033D18dcA9fD2BA4CbF2bf73A2DF840756c,0xDef1C0ded9bec7F1a1670819833240f027b25EfF,260000000000000000,263744,31526658928
17345563,2023-05-27T05:11:59,b'\x128\xd6\xbb\xbaN\x03{C\xc1Mh?Dqd\x8d`\x1d\x1f\x07\xf4\xb0}\x12s&\x08\x17\xc5\xb1\x90',475,14,0x69794735cA88dE2eC2426fB20F416FA00F64Ad37,0x881D40237659C251811CEC9c364ef91dC08D300C,1362000000000000000,319751,31174665344
17345563,2023-05-27T05:11:59,b'\x128\xd6\xbb\xbaN\x03{C\xc1Mh?Dqd\x8d`\x1d\x1f\x07\xf4\xb0}\x12s&\x08\x17\xc5\xb1\x90',475,14,0x69794735cA88dE2eC2426fB20F416FA00F64Ad37,0x881D40237659C251811CEC9c364ef91dC08D300C,1362000000000000000,319751,31174665344
17345563,2023-05-27T05:11:59,b'\x128\xd6\xbb\xbaN\x03{C\xc1Mh?Dqd\x8d`\x1d\x1f\x07\xf4\xb0}\x12s&\x08\x17\xc5\xb1\x90',475,14,0x69794735cA88dE2eC2426fB20F416FA00F64Ad37,0x881D40237659C251811CEC9c364ef91dC08D300C,1362000000000000000,319751,31174665344
17345564,2023-05-27T05:12:11,b'\xe5\x85\xd6P!\xe4-$\xe8\x86BY\xae\xdc#\x966o%\xf5\xf0\xe2\x10\t\xe5:\xe5\x127@\xd4#',767116,63,0x7830c87C02e56AFf27FA8Ab1241711331FA86F43,0xA9D1e08C7793af67e9d92fe308d5697FB81d3E43,0,2000000,31254803908
17345564,2023-05-27T05:12:11,b'\xd9\xf2#\xea\x05y\x85(r\x0b+b\x96\x89\x0fs\xfet\xe2\x9a\xa0\x8cd0\x88\x06~B\x83\xefe\xdd',1610,143,0x82bb8d9FB9Ec3a7DA2Dc3A7dcC48418dAc6BbD4a,0xEf1c6E67703c7BD7107eed8303Fbe6EC2554BF6B,0,185805,30354803908
17345565,2023-05-27T05:12:23,b'\x0c\x98\xe5=\xca\xe9A\x19m\x941\xfbm\xdc\x05\xdd\xa8\xa4W\xab\xca+\x06=2\x1cs.\x1b\x91\x89\x8e',230,103,0x129AD9b0a95116327cf8162F4d238ef30D141BDE,0xd0764FAe29E0a6a96fF685f71CfC685456D5636c,0,320633,30344136821
17345566,2023-05-27T05:12:35,"b';\xda\xfe,\xcf\xbeHIRV\x8e\xa2\xf3r\x14j\x83\xfe\xe0\xf2\xb0D\xe768>u\x101(\xd6\x95'",6,6,0x56d0b314FFc732Dc23ec0D7b4BF97326483Fa199,0x6B175474E89094C44Da98b954EedeAC495271d0F,0,41676,40986920113
17345566,2023-05-27T05:12:35,"b'YQ\xcc\xd5Z$\xb9e\x0b?\xd23Y<r\x9e,c\x06w\\y\xbaGO\xf9i;\xd4\xf8\x1a\x9d'",2,88,0x63D86Ce3F626d123509FCf447007Df226cB82081,0x6B175474E89094C44Da98b954EedeAC495271d0F,0,50000,30308294260
17345566,2023-05-27T05:12:35,b'\xce\xa5\x84\xa9w_\x7f\x0f\x9e\xf2\x98\xc0\x96\xf2\x91\xef\xd2\x07\x14<\xd7(o\x164\x8f\x07l\x83\xc5V?',0,109,0x6DA66df17730a67dD4A9F5BDB8c44bcE866F9160,0x6B175474E89094C44Da98b954EedeAC495271d0F,0,50000,30308294260
17345567,2023-05-27T05:12:47,"b'\xafiv\xbb\x18""\xe7\xb4\xc0g\xb4}\xd0\tE\xe8r\xafv\xa04<[1\xb4\xa2\xbe\xbe:\xfcz^'",666,126,0x280D5bCBac352c6922Fc0364aaE6b51C77cb6D34,0x6B175474E89094C44Da98b954EedeAC495271d0F,0,34754,31184735674
17345568,2023-05-27T05:12:59,b'ux\x08\xfc5\xb0\xbcIj\xe4Xq\x1f\x1b\x0e\x1c\xe7t\xbeE{\x8a\xb2\xaa\xc8!\xac\xc0jTx\xcc',14,23,0x8BA7d0281A0B193c36B30233c4acacb9460b2d21,0x68b3465833fb72A70ecDF485E0e4C7bD8665Fc45,0,363944,34272119134
17345568,2023-05-27T05:12:59,b'ux\x08\xfc5\xb0\xbcIj\xe4Xq\x1f\x1b\x0e\x1c\xe7t\xbeE{\x8a\xb2\xaa\xc8!\xac\xc0jTx\xcc',14,23,0x8BA7d0281A0B193c36B30233c4acacb9460b2d21,0x68b3465833fb72A70ecDF485E0e4C7bD8665Fc45,0,363944,34272119134
17345569,2023-05-27T05:13:11,b'\xefl\x0e\xe5\xa7\x11\xa6\x94n\x11\xcd\xd0\xa6\xb3a\xac\xc0|\xd4\xb7\xe8\x06t\xfc\x14x?W(:.\xa8',54,142,0x243b0023039A85398135139277D9eAd57d2cfDFB,0x6B175474E89094C44Da98b954EedeAC495271d0F,0,46182,30744757131
17345572,2023-05-27T05:13:47,b'\x83\xcb\xde0\x94p\xafMj\x03\xd2\t\xd7)/7\xfb\x01\xea\xf9&\xc3\xec\xdc\xf4\xfcl\x82\xf7*\xe1U',476,65,0x69794735cA88dE2eC2426fB20F416FA00F64Ad37,0x6B175474E89094C44Da98b954EedeAC495271d0F,0,46182,29359501080
17345572,2023-05-27T05:13:47,b'\xecG\xcdu\xfaC\x8c\xae\x80\x8a\xf0d\x9b\xa6x\x1f\xcag\xc3\xe9O\x91S\x8a}e\\\x85\xf0S\xca\x19',5,71,0x083d25CE4C7e30c72580245607849B2385Df93aD,0xd0764FAe29E0a6a96fF685f71CfC685456D5636c,0,320609,29359501080
17345573,2023-05-27T05:13:59,b'\x0b\xa7\xc9\xacAQ\xde#\x04`I\xdd\x11\x04?\x07\xafk\xf9\xff\x14\xac\x02s8\x1f\xf7\xaa\xd1\xb2\x11\xa8',633,82,0x7f93B033D18dcA9fD2BA4CbF2bf73A2DF840756c,0x6B175474E89094C44Da98b954EedeAC495271d0F,0,52113,29816927783
17345573,2023-05-27T05:13:59,b' \x0e\x8d\xfa\x91\x94M\xe7a\xfa\xb7\x9cjB\xd1UwJ\xb0\tz\xa4EL\x08QO\x01\xfa\xe1[\xbf',55,98,0x243b0023039A85398135139277D9eAd57d2cfDFB,0x1715a3E4A142d8b698131108995174F37aEBA10D,0,216896,29816927783
17345575,2023-05-27T05:14:23,b'0\xbf\xb5\xc9\xf8\xba\x15\xc3\x92\xbd\xdf\xa5\tW\xdb\x84K\xcc\x8c\xbd\xd4\t7\x18\xf7@\xd7\x8bu4q\xa3',477,105,0x69794735cA88dE2eC2426fB20F416FA00F64Ad37,0x1715a3E4A142d8b698131108995174F37aEBA10D,0,216908,29199580640
17345579,2023-05-27T05:15:11,b'\xa2\x0b\x83\x05\xc7c\x91\xfa\xa3<\xfbM#\xce\x8c\x17\xcf\xb64Q$R5/j/a\xb1\xb7\xae\xc5e',6,103,0x03c1F625Bb2B4447aAa7aCF84bCaD81ee205461A,0x881D40237659C251811CEC9c364ef91dC08D300C,6000000000000000000,195086,28590289694
17345579,2023-05-27T05:15:11,b'\xa2\x0b\x83\x05\xc7c\x91\xfa\xa3<\xfbM#\xce\x8c\x17\xcf\xb64Q$R5/j/a\xb1\xb7\xae\xc5e',6,103,0x03c1F625Bb2B4447aAa7aCF84bCaD81ee205461A,0x881D40237659C251811CEC9c364ef91dC08D300C,6000000000000000000,195086,28590289694
17345579,2023-05-27T05:15:11,b'\xba\x1c(\xfa{\x15\xb1 p\xd8\xca>\xaa{A\xf3\xe4\xf3\xd0m\xf3X.D5\x89\xa5\xbc#\xfc\xa5\xa7',44,129,0xfbC8799f20b805d421E4718B9156aB4743Ca8aa0,0xEf1c6E67703c7BD7107eed8303Fbe6EC2554BF6B,105891547336257000,263482,28390289694
17345579,2023-05-27T05:15:11,"b"" \xd09\xeb \xaft\xbc\xee'\xaf\xb7\x19Jj\x1f\x7f\xa8y\xdc]\xb0\xed\xa0\x07\xb1\xd8Km\r'/""",22,165,0xC800316a38dEbd1a22f851B18267e46A52Fce117,0x1715a3E4A142d8b698131108995174F37aEBA10D,0,216884,28384289694
17345580,2023-05-27T05:15:23,"b""\tgRX\xcc;\x87j\x18rmL\x88\xba\xd7\x9b\xbb\xa8'Fd2n\x1aQ\xe1\xca\x1e\xa1\x08~u""",683,49,0xe88bA07Ed95488553C0Fd946F9f1445875b5c9B8,0x03f34bE1BF910116595dB1b11E9d1B2cA5D59659,85337900000000000000,363281,29910999141
17345580,2023-05-27T05:15:23,"b""\tgRX\xcc;\x87j\x18rmL\x88\xba\xd7\x9b\xbb\xa8'Fd2n\x1aQ\xe1\xca\x1e\xa1\x08~u""",683,49,0xe88bA07Ed95488553C0Fd946F9f1445875b5c9B8,0x03f34bE1BF910116595dB1b11E9d1B2cA5D59659,85337900000000000000,363281,29910999141
17345581,2023-05-27T05:15:35,b'\xf8q\xe6\xb9\x88\xe3\xb0\x01\x91<\x15\xfeV5)[5\xcb\xc2\xf0\xfc\x86d+`\x02V\x9c\xd2\xd2\x97\xba',11033,0,0xC9c736BaB11d24528c3543b14E610e5C6A30D921,0x2339d36BCe71c97772e54C76fF6b4C74C9DD8f86,0,395042,971971954444
17345581,2023-05-27T05:15:35,b'\xf8q\xe6\xb9\x88\xe3\xb0\x01\x91<\x15\xfeV5)[5\xcb\xc2\xf0\xfc\x86d+`\x02V\x9c\xd2\xd2\x97\xba',11033,0,0xC9c736BaB11d24528c3543b14E610e5C6A30D921,0x2339d36BCe71c97772e54C76fF6b4C74C9DD8f86,0,395042,971971954444
17345581,2023-05-27T05:15:35,b'\x1f\xcf\x89\x82\xf9\xfa\x9fl\xd7Ag-N_\xa3\xc2z\xff\xbcz;f\x9d1\xbe\xe8\xceqI[_D',74,74,0x3255bd65F6C5D1BBdb1789de15BF9933Aeb2C43F,0x6693002C49AF6d485517A443650AB76B88298fE1,0,883205,28000000000
17345581,2023-05-27T05:15:35,b'\x1f\xcf\x89\x82\xf9\xfa\x9fl\xd7Ag-N_\xa3\xc2z\xff\xbcz;f\x9d1\xbe\xe8\xceqI[_D',74,74,0x3255bd65F6C5D1BBdb1789de15BF9933Aeb2C43F,0x6693002C49AF6d485517A443650AB76B88298fE1,0,883205,28000000000
17345581,2023-05-27T05:15:35,b'\x1f\xcf\x89\x82\xf9\xfa\x9fl\xd7Ag-N_\xa3\xc2z\xff\xbcz;f\x9d1\xbe\xe8\xceqI[_D',74,74,0x3255bd65F6C5D1BBdb1789de15BF9933Aeb2C43F,0x6693002C49AF6d485517A443650AB76B88298fE1,0,883205,28000000000
17345581,2023-05-27T05:15:35,b'\x1f\xcf\x89\x82\xf9\xfa\x9fl\xd7Ag-N_\xa3\xc2z\xff\xbcz;f\x9d1\xbe\xe8\xceqI[_D',74,74,0x3255bd65F6C5D1BBdb1789de15BF9933Aeb2C43F,0x6693002C49AF6d485517A443650AB76B88298fE1,0,883205,28000000000
17345581,2023-05-27T05:15:35,b'\x1f\xcf\x89\x82\xf9\xfa\x9fl\xd7Ag-N_\xa3\xc2z\xff\xbcz;f\x9d1\xbe\xe8\xceqI[_D',74,74,0x3255bd65F6C5D1BBdb1789de15BF9933Aeb2C43F,0x6693002C49AF6d485517A443650AB76B88298fE1,0,883205,28000000000
17345581,2023-05-27T05:15:35,b'\x1f\xcf\x89\x82\xf9\xfa\x9fl\xd7Ag-N_\xa3\xc2z\xff\xbcz;f\x9d1\xbe\xe8\xceqI[_D',74,74,0x3255bd65F6C5D1BBdb1789de15BF9933Aeb2C43F,0x6693002C49AF6d485517A443650AB76B88298fE1,0,883205,28000000000
17345581,2023-05-27T05:15:35,b'\x1f\xcf\x89\x82\xf9\xfa\x9fl\xd7Ag-N_\xa3\xc2z\xff\xbcz;f\x9d1\xbe\xe8\xceqI[_D',74,74,0x3255bd65F6C5D1BBdb1789de15BF9933Aeb2C43F,0x6693002C49AF6d485517A443650AB76B88298fE1,0,883205,28000000000
17345581,2023-05-27T05:15:35,b'\x1f\xcf\x89\x82\xf9\xfa\x9fl\xd7Ag-N_\xa3\xc2z\xff\xbcz;f\x9d1\xbe\xe8\xceqI[_D',74,74,0x3255bd65F6C5D1BBdb1789de15BF9933Aeb2C43F,0x6693002C49AF6d485517A443650AB76B88298fE1,0,883205,28000000000
17345581,2023-05-27T05:15:35,b'\x1f\xcf\x89\x82\xf9\xfa\x9fl\xd7Ag-N_\xa3\xc2z\xff\xbcz;f\x9d1\xbe\xe8\xceqI[_D',74,74,0x3255bd65F6C5D1BBdb1789de15BF9933Aeb2C43F,0x6693002C49AF6d485517A443650AB76B88298fE1,0,883205,28000000000
17345581,2023-05-27T05:15:35,b'\x1f\xcf\x89\x82\xf9\xfa\x9fl\xd7Ag-N_\xa3\xc2z\xff\xbcz;f\x9d1\xbe\xe8\xceqI[_D',74,74,0x3255bd65F6C5D1BBdb1789de15BF9933Aeb2C43F,0x6693002C49AF6d485517A443650AB76B88298fE1,0,883205,28000000000
17345581,2023-05-27T05:15:35,b'\x1f\xcf\x89\x82\xf9\xfa\x9fl\xd7Ag-N_\xa3\xc2z\xff\xbcz;f\x9d1\xbe\xe8\xceqI[_D',74,74,0x3255bd65F6C5D1BBdb1789de15BF9933Aeb2C43F,0x6693002C49AF6d485517A443650AB76B88298fE1,0,883205,28000000000
17345581,2023-05-27T05:15:35,b'\xb1p\xd5\x1eA\xb27\x1b\x07\xf33\xd7\x99\x8ah\x1b\xc0\x9c\xf7\xdc5\x1a\xa0\x94Z@\x00\x9b\xcd\xf0\xb8\x8b',6,84,0x083d25CE4C7e30c72580245607849B2385Df93aD,0x6B175474E89094C44Da98b954EedeAC495271d0F,0,77727,27878984380
17345582,2023-05-27T05:15:47,"b""\xccK\r\x9fA;\x9c1\xfdw1'p\xf8\x10\x0c\r0\x80{s\xdfX6\xb8e\x03;\x98\xb5U\x1e""",165793,24,0x6046945C5B5eF5933b8E73a98A6AD7bF3e031df7,0xA69babEF1cA67A37Ffaf7a485DfFF3382056e78C,29192,212152,27189174415
17345582,2023-05-27T05:15:47,b'\x8d6IS]\xbf\x18\xf9C7Q\xa9\x7f\x8e :6d\xa7\xa5\x01\xe9\xb78\x8e\xab\x0e\xdf\rqwt',231,105,0x129AD9b0a95116327cf8162F4d238ef30D141BDE,0x6B175474E89094C44Da98b954EedeAC495271d0F,0,46122,27239174414
17345583,2023-05-27T05:15:59,b'\x03Ov\x0cdW\x8a%;Rx\x1f\x16F\x17P\xcc\xefx\xdf\xbf\xd3\xd5\x84\xeb\xec\xd9C\xf9\x00\xa9\xb8',0,23,0x0c7AaeE455e547A88a5476403966E212FC3d38b3,0x6B175474E89094C44Da98b954EedeAC495271d0F,0,46458,27624900649
17345583,2023-05-27T05:15:59,"b'\x0eL\x16\xb6\x02\xde""\x9a\xef7\xf7\xd1\x18\xa0>S\x12\xec\xce\xf0t/\xd7\xd8=\xfa_\x81\n9\x1c<'",6,142,0x9C3bD07BEA0E29d0b49eACFdc46ce48e6D10F801,0x6B175474E89094C44Da98b954EedeAC495271d0F,0,46110,27655154180
17345584,2023-05-27T05:16:11,b'\xa7Z\xae0tE\xb7Hv8z\xca\x07Ak\xebG\xb2w\x8f\x01M8\xe6\x8d2CM\xfb\xad\xcf\xa1',0,31,0xfc9E54756825A558199f1883BEf1f5fabB5b6635,0x6B175474E89094C44Da98b954EedeAC495271d0F,0,67363,33178985016
17345584,2023-05-27T05:16:11,b'\x7f\t\x7f\x88LW\xb3\xf1\xe7\xef\x13O\xd1\xd1>\xacI\xcc~\xcc\xc4\x07\xa6D\xe0\xd7L\xce\xa0+:\xa4',103684,36,0x839d4641F97153b0ff26aB837860c479E2Bd0242,0x1111111254EEB25477B68fb85Ed929f73A960582,0,321913,28284972875
17345584,2023-05-27T05:16:11,b'\x7f\t\x7f\x88LW\xb3\xf1\xe7\xef\x13O\xd1\xd1>\xacI\xcc~\xcc\xc4\x07\xa6D\xe0\xd7L\xce\xa0+:\xa4',103684,36,0x839d4641F97153b0ff26aB837860c479E2Bd0242,0x1111111254EEB25477B68fb85Ed929f73A960582,0,321913,28284972875
17345584,2023-05-27T05:16:11,b'*\x1a\x86\x81R\xf4\x9b\xbd\xed\xcc\xb4\xe9\xfc\xd7!I\xbaEu\xbb\x9d\xcf\x07S\xad;\x86T\xad\xf3(\xe9',1,38,0x0c7AaeE455e547A88a5476403966E212FC3d38b3,0x881D40237659C251811CEC9c364ef91dC08D300C,0,273768,27887897941
17345584,2023-05-27T05:16:11,b'*\x1a\x86\x81R\xf4\x9b\xbd\xed\xcc\xb4\xe9\xfc\xd7!I\xbaEu\xbb\x9d\xcf\x07S\xad;\x86T\xad\xf3(\xe9',1,38,0x0c7AaeE455e547A88a5476403966E212FC3d38b3,0x881D40237659C251811CEC9c364ef91dC08D300C,0,273768,27887897941
17345584,2023-05-27T05:16:11,b'*\x1a\x86\x81R\xf4\x9b\xbd\xed\xcc\xb4\xe9\xfc\xd7!I\xbaEu\xbb\x9d\xcf\x07S\xad;\x86T\xad\xf3(\xe9',1,38,0x0c7AaeE455e547A88a5476403966E212FC3d38b3,0x881D40237659C251811CEC9c364ef91dC08D300C,0,273768,27887897941
17345585,2023-05-27T05:16:23,b'\xa6\x9c\x94yU\xd0\x04\xfer\x87\x9e4`\x86\x1c\n\x9e\xe3h\xbf\x0c\rc\x0b+\xb7\xae`P\xbc%\xe4',51,32,0x7fc35307C64A142c9A77Eaa347538D3d9FF3c3CE,0x1291C02D288de3De7dC25353459489073D11E1Ae,0,1031255,29838068729
17345585,2023-05-27T05:16:23,b'\xa6\x9c\x94yU\xd0\x04\xfer\x87\x9e4`\x86\x1c\n\x9e\xe3h\xbf\x0c\rc\x0b+\xb7\xae`P\xbc%\xe4',51,32,0x7fc35307C64A142c9A77Eaa347538D3d9FF3c3CE,0x1291C02D288de3De7dC25353459489073D11E1Ae,0,1031255,29838068729
17345585,2023-05-27T05:16:23,b'qg\xd2\xece4\xe8\x93\x14\xde@\xa7|\x18\xfd\xf8\x1d\xf9\x1a\xbe6-\xb8\xaf*\x92\xd7\xf9\x97\xb9\xcfE',72,85,0x9c7eB756cc7F363EF6da2851551CDEc19d154Fa9,0x6B175474E89094C44Da98b954EedeAC495271d0F,0,46170,27938068729
17345586,2023-05-27T05:16:35,"b'v\x8c\xe7\x86\xd0\xfb\x9f\x97;{""\tp*\xc8g\x80xZ\x967\x1ei\xda\x00\xe7\x9f\x1d\x90\xbb\xcfG'",7,136,0x9C3bD07BEA0E29d0b49eACFdc46ce48e6D10F801,0xEf1c6E67703c7BD7107eed8303Fbe6EC2554BF6B,0,238922,27239805756
17345587,2023-05-27T05:16:47,"b""C\xdb\xf9\xcc'~\xa5\xce`\xbd\x9a\x05c\xffj_\x99\xf1\xdb\xf9e&\xbc\x0e0\xc6\x1fv\x04\xff\x90\xc7""",102,100,0xE0cE99a8b0309B6072D5234E7Be5a17586B58d34,0xEf1c6E67703c7BD7107eed8303Fbe6EC2554BF6B,0,385761,26706092882
17345587,2023-05-27T05:16:47,"b""C\xdb\xf9\xcc'~\xa5\xce`\xbd\x9a\x05c\xffj_\x99\xf1\xdb\xf9e&\xbc\x0e0\xc6\x1fv\x04\xff\x90\xc7""",102,100,0xE0cE99a8b0309B6072D5234E7Be5a17586B58d34,0xEf1c6E67703c7BD7107eed8303Fbe6EC2554BF6B,0,385761,26706092882
17345587,2023-05-27T05:16:47,b'v\xcf\xc6\xa0\xb3\xe8&W\x1b\xa9&\x19\x93\xda\x00\x80N\xbeU\x975\xbc\x08\xc2\xebz\xc2\x8b\n\x0f\xbb\xd4',74,135,0x375376Ab05A7c506FBc82ec34f1f24EC5b9e96B5,0x881D40237659C251811CEC9c364ef91dC08D300C,10000000000000000,222086,26656092883
17345587,2023-05-27T05:16:47,b'v\xcf\xc6\xa0\xb3\xe8&W\x1b\xa9&\x19\x93\xda\x00\x80N\xbeU\x975\xbc\x08\xc2\xebz\xc2\x8b\n\x0f\xbb\xd4',74,135,0x375376Ab05A7c506FBc82ec34f1f24EC5b9e96B5,0x881D40237659C251811CEC9c364ef91dC08D300C,10000000000000000,222086,26656092883
17345587,2023-05-27T05:16:47,b'v\xcf\xc6\xa0\xb3\xe8&W\x1b\xa9&\x19\x93\xda\x00\x80N\xbeU\x975\xbc\x08\xc2\xebz\xc2\x8b\n\x0f\xbb\xd4',74,135,0x375376Ab05A7c506FBc82ec34f1f24EC5b9e96B5,0x881D40237659C251811CEC9c364ef91dC08D300C,10000000000000000,222086,26656092883
17345588,2023-05-27T05:16:59,b'a\x81\xe7\x7f#\x06{\xe5\x92{\xc5]O\xe1\x85\xcen\xf1\x1c\x83Z\xe2\\|\xd7F=n\x91\x02\x8b\x8d',148,80,0xC0779D596EBF9F381A45479788D8FAc61AfFa472,0x6B175474E89094C44Da98b954EedeAC495271d0F,0,57948,28000000000
17345589,2023-05-27T05:17:11,b'{\xfd\xa5\x83\xa0g\t\xf1\x04r\t\x89JJF\xc8M\xd1\xc9\x98\xc3a\x07+\x87\xd9\xdc\xf5 %8~',767123,61,0x7830c87C02e56AFf27FA8Ab1241711331FA86F43,0xA9D1e08C7793af67e9d92fe308d5697FB81d3E43,0,2000000,27668968588
17345589,2023-05-27T05:17:11,b'{\xfd\xa5\x83\xa0g\t\xf1\x04r\t\x89JJF\xc8M\xd1\xc9\x98\xc3a\x07+\x87\xd9\xdc\xf5 %8~',767123,61,0x7830c87C02e56AFf27FA8Ab1241711331FA86F43,0xA9D1e08C7793af67e9d92fe308d5697FB81d3E43,0,2000000,27668968588
17345589,2023-05-27T05:17:11,b'{\xfd\xa5\x83\xa0g\t\xf1\x04r\t\x89JJF\xc8M\xd1\xc9\x98\xc3a\x07+\x87\xd9\xdc\xf5 %8~',767123,61,0x7830c87C02e56AFf27FA8Ab1241711331FA86F43,0xA9D1e08C7793af67e9d92fe308d5697FB81d3E43,0,2000000,27668968588
17345589,2023-05-27T05:17:11,b'C\x9a\x8c\xb9\x033\x00\xf3>\x94\xe9\x17]0?\xe62\x1b\xd4weW\xf5\x01\xf8.\xcc\x97\xd7\x11\xfd\x80',1655905,73,0xa152F8bb749c55E9943A3a0A3111D18ee2B3f94E,0x6B175474E89094C44Da98b954EedeAC495271d0F,0,100000,27668968588
17345589,2023-05-27T05:17:11,"b""\xef|\xe4R.\x83\t\x1e\x8d\xf7\x1e\x15^\xd6zq\xdc\xc9^\xa1V\xa4\xb6\x03\xe0'\x04\xc16\x05\x16P""",73,112,0x9c7eB756cc7F363EF6da2851551CDEc19d154Fa9,0x1715a3E4A142d8b698131108995174F37aEBA10D,0,216896,26768968588
17345591,2023-05-27T05:17:35,b'\xb46\x1b\xf6(F\x1a\xfe\x9a\xa3\xc2K\xf7\xf7(\xf8Nd\xcf\x95Z%\x05\x06\xb6\x95N^\xd1\x17\xb3+',2458205,34,0x6cC5F688a315f3dC28A7781717a9A798a59fDA7b,0x6B175474E89094C44Da98b954EedeAC495271d0F,0,420000,29627674520
17345592,2023-05-27T05:17:47,b'\xea\r\xfcg\xa7\xa8\xe9\x7fj\x00O]\xaf\x9fed8\x01p=.E\xc5\xe6N[\xe2O\xd0\x1dmH',2544,53,0xcD40532686B94aBc88b06B9705AAcBc14c8364D6,0x1111111254EEB25477B68fb85Ed929f73A960582,0,231739,27474388935
17345592,2023-05-27T05:17:47,b':\x0bK\t\xb1bq+=\xe1\xd3|\x1c\x00\x07B\xc4VL\xbaK7AQ\xb4\xab\xebI2\xe4\x04\xc1',135,131,0x0A89A6870529AFa7f1131908BA91dad76Ee2E84c,0x1715a3E4A142d8b698131108995174F37aEBA10D,0,216884,26074388935
17345593,2023-05-27T05:17:59,"b'\xbex\xdaELAW\xd6u#\x94\x91,bz\xf4\x80\xab\xd8\xbb\x9e\xfa\xb6*\xbe3\x02@Z\xcb\xa6\xd5'",273,61,0x419a2046c96cA245220834b4A4A102f951F2Ae81,0xb45A2DDA996C32E93B8c47098E90Ed0E7ab18E39,0,691525,28350000000
17345594,2023-05-27T05:18:11,b'\xeb\x8a*{\\V\x81\xb71\x0c\xef\x0f\xfb~\x83&\t\xe7w\xd8e\xd0ekO\x9e\x17\xf0\xa3(\xb9j',1655917,87,0xa152F8bb749c55E9943A3a0A3111D18ee2B3f94E,0x6B175474E89094C44Da98b954EedeAC495271d0F,0,100000,26794860501
17345596,2023-05-27T05:18:35,b'\x848\xde\x14D\xa9T\xa5Dc\xeb\xc9I[q\xf2\xdb\xb3<\xe3\t\xf0\xe2\x89h\x85\x18\xbe!\xaf\xcf\x10',2545,45,0xcD40532686B94aBc88b06B9705AAcBc14c8364D6,0x6B175474E89094C44Da98b954EedeAC495271d0F,0,52059,27688162036
17345596,2023-05-27T05:18:35,b'\x14\xe10)w\x06\x8e\x14P\xf0Yw\x08\x8a\x96\x04^\xf5\xcd\x92\x8f\xd9N\xb2h\xff\x94$<\xb2\xfb\xa1',1745,80,0x07a2CF3c078D9526Eb50Ba7AFFaBc0049827D126,0x8252Df1d8b29057d1Afe3062bf5a64D503152BC8,0,352159,26288162036
17345596,2023-05-27T05:18:35,b'\x14\xe10)w\x06\x8e\x14P\xf0Yw\x08\x8a\x96\x04^\xf5\xcd\x92\x8f\xd9N\xb2h\xff\x94$<\xb2\xfb\xa1',1745,80,0x07a2CF3c078D9526Eb50Ba7AFFaBc0049827D126,0x8252Df1d8b29057d1Afe3062bf5a64D503152BC8,0,352159,26288162036
17345598,2023-05-27T05:18:59,b'\xa2\xebR\x8f\xfb\xdd\xe0\xf0\x81`5y\x168\xf7\xb1\xb4\xa8;)O\x12\x1a\x96\xdaE\x07S\x1e\xaa\x89\xd2',108,50,0x4396dE04594c6658992bDf8885A49078b53f385D,0x03f34bE1BF910116595dB1b11E9d1B2cA5D59659,95600000000000000,277389,30082025101
